{"stats":{"minecraft:killed_by":{"minecraft:witch":2,"assimilator:assimilator":1},"minecraft:mined":{"minecraft:grass":2,"minecraft:grass_block":1,"minecraft:dirt":2},"minecraft:picked_up":{"minecraft:stick":35,"minecraft:wheat_seeds":1,"lucky_block_:pistole":1,"minecraft:dandelion":1,"lucky_block_:saphirkeule":1,"lucky_block_:bazoka":1,"minecraft:spruce_sapling":1,"minecraft:spruce_log":38,"minecraft:string":1,"minecraft:snowball":12,"minecraft:dirt":18,"minecraft:cobblestone":32},"minecraft:custom":{"minecraft:open_chest":1,"minecraft:time_since_rest":4801,"minecraft:play_time":20468,"minecraft:sprint_one_cm":62907,"minecraft:walk_one_cm":72914,"minecraft:damage_taken":2097,"minecraft:deaths":4,"minecraft:mob_kills":1,"minecraft:jump":252,"minecraft:damage_dealt":234,"minecraft:leave_game":1,"minecraft:walk_on_water_one_cm":1483,"minecraft:time_since_death":8233,"minecraft:sleep_in_bed":2,"minecraft:total_world_time":20468,"minecraft:fly_one_cm":45899,"minecraft:fall_one_cm":11504},"minecraft:killed":{"minecraft:spider":1},"minecraft:used":{"minecraft:iron_chestplate":1,"minecraft:diamond_boots":1,"minecraft:cobblestone":4,"minecraft:diamond_helmet":1,"minecraft:cooked_beef":2,"minecraft:diamond_leggings":1,"minecraft:spruce_sapling":1}},"DataVersion":3120}