{"stats":{"minecraft:killed_by":{"sanitydim:rotting_stalker":1,"minecraft:witch":1,"mimicer:mimicer":1},"minecraft:mined":{"minecraft:spruce_planks":2,"minecraft:white_bed":1,"minecraft:tnt":1,"minecraft:dandelion":4,"minecraft:spruce_log":36,"minecraft:crafting_table":3,"lucky_block_:lucky_block":21,"minecraft:grass_block":3,"minecraft:poppy":1,"minecraft:spruce_leaves":19,"minecraft:stone":6,"minecraft:blue_bed":3},"minecraft:picked_up":{"minecraft:stick":7,"minecraft:crafting_table":6,"minecraft:leather":12,"lucky_block_:pistole":2,"minecraft:dandelion":4,"minecraft:white_bed":1,"minecraft:string":1,"lucky_block_:bazoka":4,"lucky_block_:luckyflower":2,"minecraft:spruce_sapling":1,"minecraft:grass_block":3,"minecraft:spruce_log":37,"minecraft:blue_bed":3,"minecraft:dirt":132,"minecraft:tnt":57,"lucky_block_:pflanzenstab":2,"minecraft:stone_axe":1,"minecraft:wheat_seeds":1,"minecraft:spruce_planks":20,"minecraft:beef":11,"lucky_block_:saphirkeule":4,"minecraft:stone_pickaxe":1,"lucky_block_:runenmetal":114,"minecraft:poppy":1,"minecraft:cobblestone":6},"minecraft:crafted":{"minecraft:crafting_table":2,"minecraft:spruce_planks":40,"minecraft:stick":28,"minecraft:wooden_pickaxe":2,"minecraft:stone_pickaxe":1,"minecraft:wooden_axe":2,"minecraft:stone_axe":1},"minecraft:custom":{"minecraft:time_since_rest":4801,"minecraft:interact_with_furnace":1,"minecraft:sprint_one_cm":109294,"minecraft:damage_taken":2089,"minecraft:walk_one_cm":157634,"minecraft:mob_kills":8,"minecraft:drop":12,"minecraft:damage_dealt":2965,"minecraft:fly_one_cm":146074,"minecraft:interact_with_crafting_table":6,"minecraft:open_chest":1,"minecraft:crouch_one_cm":866,"minecraft:play_time":33202,"minecraft:deaths":5,"minecraft:sneak_time":375,"minecraft:jump":603,"minecraft:leave_game":1,"minecraft:time_since_death":7312,"minecraft:sleep_in_bed":5,"minecraft:total_world_time":33202,"minecraft:fall_one_cm":15005},"minecraft:killed":{"minecraft:zombie":1,"the_impersonator:the_impersonator":1,"minecraft:spider":1,"minecraft:creeper":1,"minecraft:enderman":1,"minecraft:cow":3},"minecraft:dropped":{"minecraft:dirt":1,"minecraft:tnt":1,"minecraft:wooden_axe":1,"minecraft:spruce_log":8,"minecraft:wooden_pickaxe":1},"minecraft:used":{"minecraft:wooden_axe":1,"minecraft:grass_block":1,"minecraft:stone_pickaxe":3,"minecraft:wooden_pickaxe":3,"minecraft:blue_bed":1,"minecraft:spruce_sapling":1,"minecraft:stone_axe":47,"minecraft:dirt":3,"minecraft:beef":5,"minecraft:tnt":17,"minecraft:crafting_table":4,"minecraft:cooked_beef":1,"lucky_block_:saphirkeule":15}},"DataVersion":3120}