{"stats":{"minecraft:mined":{"minecraft:oak_log":3,"minecraft:grass_block":1,"minecraft:spruce_planks":3,"minecraft:spruce_leaves":5,"minecraft:spruce_log":9,"lucky_block_:lucky_block":2},"minecraft:picked_up":{"minecraft:wooden_axe":1,"lucky_block_:bleistift":1,"lucky_block_:pistole":2,"lucky_block_:chicken_nuggets":10,"minecraft:wooden_pickaxe":1,"lucky_block_:shade_bogen":1,"minecraft:spruce_planks":3,"minecraft:iron_ingot":4,"minecraft:oak_log":3,"minecraft:spruce_log":15,"lucky_block_:zauberstab":1},"minecraft:crafted":{"minecraft:spruce_planks":60},"minecraft:custom":{"minecraft:open_chest":1,"minecraft:time_since_rest":1968,"minecraft:play_time":16583,"minecraft:crouch_one_cm":1019,"minecraft:interact_with_furnace":3,"minecraft:sprint_one_cm":26773,"minecraft:damage_taken":216,"minecraft:walk_one_cm":64225,"minecraft:sneak_time":488,"minecraft:mob_kills":2,"minecraft:jump":121,"minecraft:damage_dealt":1200,"minecraft:walk_on_water_one_cm":405,"minecraft:leave_game":4,"minecraft:time_since_death":16583,"minecraft:sleep_in_bed":3,"minecraft:total_world_time":16583,"minecraft:fly_one_cm":31099,"minecraft:fall_one_cm":3900},"minecraft:killed":{"minecraft:iron_golem":1,"minecraft:zombie":1},"minecraft:used":{"minecraft:wooden_axe":15,"lucky_block_:bleistift":6,"minecraft:bread":1,"minecraft:spruce_planks":10}},"DataVersion":3120}